{
  "name": "mecha",
  "author": "Hejsil",
  "docs": "",
  "versions": [
    {
      "version": "0.11.0",
      "url": "https://github.com/Hejsil/mecha/archive/refs/tags/0.11.0.zip",
      "root_file": "/mecha.zig",
      "zig_version": "0.15.1",
      "sha256sum": "156982f4b1f2a3512ab02f2adf39819cfdf1b2a21e1e88ae455c687914203bb6"
    },
    {
      "version": "0.10.0",
      "url": "https://github.com/Hejsil/mecha/archive/refs/tags/0.10.0.zip",
      "root_file": "/mecha.zig",
      "zig_version": "0.14.0",
      "sha256sum": "64e2b4f2e60039439b01da8a7f79c746b2d2d29767fb1d02b6d587fc85cc7fa6"
    },
    {
      "version": "0.9.0",
      "url": "https://github.com/Hejsil/mecha/archive/refs/tags/0.9.0.zip",
      "root_file": "/mecha.zig",
      "zig_version": "0.13.0",
      "sha256sum": "dd85a9c6d93325671b976f8ced0e9361ade1fb1a5fc61375230bc46178a31057"
    },
    {
      "version": "0.8.0",
      "url": "https://github.com/Hejsil/mecha/archive/refs/tags/0.8.0.zip",
      "root_file": "/mecha.zig",
      "zig_version": "0.12.0",
      "sha256sum": "1435e25f0efe4b46da61ffd8d8ea2386cc3ffb99267d63df7cabad8071c4a665"
    },
    {
      "version": "0.7.0",
      "url": "https://github.com/Hejsil/mecha/archive/refs/tags/0.7.0.zip",
      "root_file": "/mecha.zig",
      "zig_version": "0.11.0",
      "sha256sum": "436e7b62bac890cade3f3695dbe745ebc50b3ee6de7f8c95813900f6e4c42957"
    },
    {
      "version": "0.6.0",
      "url": "https://github.com/Hejsil/mecha/archive/refs/tags/0.6.0.zip",
      "root_file": "/mecha.zig",
      "zig_version": "0.9.0",
      "sha256sum": "3b85c7956465d2f9c9d26852f48770a7c36c0ba2fa76ac3e8f3c97737040af5a"
    },
    {
      "version": "0.5.0",
      "url": "https://github.com/Hejsil/mecha/archive/refs/tags/0.5.0.zip",
      "root_file": "/mecha.zig",
      "zig_version": "0.7.1",
      "sha256sum": "5324320cb442f7da800e8f181a0856b3c940455e23a63ccbc95429a0a7e1ef5a"
    }
  ]
}
