{
  "name": "zap",
  "author": "zigzap",
  "docs": "",
  "versions": [
    {
      "version": "0.11.0",
      "zig_version": "0.15.1",
      "root_file": "/src/zap.zig",
      "url": "https://github.com/zigzap/zap/archive/refs/tags/v0.11.0.zip",
      "sha256sum": "729cd74d0d50f5d3c3d69e85adc564e645fb07ec3ea6a8c286187e1baa066f6c"
    },
    {
      "version": "0.10.6",
      "zig_version": "0.14.0",
      "root_file": "/src/zap.zig",
      "url": "https://github.com/zigzap/zap/archive/refs/tags/v0.10.6.zip",
      "sha256sum": "32ecc39f58f096f223a6921651ce24fe33a83800f09a6f7df780a7ee9ff21bb9"
    },
    {
      "version": "0.10.5",
      "zig_version": "0.14.0",
      "root_file": "/src/zap.zig",
      "url": "https://github.com/zigzap/zap/archive/refs/tags/v0.10.5.zip",
      "sha256sum": "17e78946f79531eac78193a7eb7c637eb6ec12e1d79f7b0ff8fe67c60938d8f7"
    },
    {
      "version": "0.10.4",
      "zig_version": "0.14.0",
      "root_file": "/src/zap.zig",
      "url": "https://github.com/zigzap/zap/archive/refs/tags/v0.10.4.zip",
      "sha256sum": "65ab5a074e245b45ac279cbdd7702d69f10e502755b2aa857faca4c342bbf082"
    },
    {
      "version": "0.10.3",
      "zig_version": "0.14.0",
      "root_file": "/src/zap.zig",
      "url": "https://github.com/zigzap/zap/archive/refs/tags/v0.10.3.zip",
      "sha256sum": "6d1b53328c5fa9a2e9be1192f6bb03db2bed97ab4a2d68989990ef5e76f93d3a"
    },
    {
      "version": "0.10.2",
      "zig_version": "0.14.0",
      "root_file": "/src/zap.zig",
      "url": "https://github.com/zigzap/zap/archive/refs/tags/v0.10.2.zip",
      "sha256sum": "5aeee32d5f84082347b3f92e064c3626be485840e5242881d52feb97f0fe2c2e"
    },
    {
      "version": "0.10.1",
      "zig_version": "0.14.0",
      "root_file": "/src/zap.zig",
      "url": "https://github.com/zigzap/zap/archive/refs/tags/v0.10.1.zip",
      "sha256sum": "300bd7fde6482917f506f8744f6770abd9aad764f736f8d38fd1e2b066d9ca7f"
    },
    {
      "version": "0.10.0",
      "zig_version": "0.14.0",
      "root_file": "/src/zap.zig",
      "url": "https://github.com/zigzap/zap/archive/refs/tags/v0.10.0.zip",
      "sha256sum": "d6d0df84d669aab8d88434e1343a713f97b316a32fbcb1b05a888bae9568844a"
    },
    {
      "version": "0.9.1",
      "zig_version": "0.13.0",
      "root_file": "/src/zap.zig",
      "url": "https://github.com/zigzap/zap/archive/refs/tags/v0.9.1.zip",
      "sha256sum": "e1426f6d36fb9c84b149d3925d8ae6f7ae112178f34c8482ce4060908ca5e30c"
    },
    {
      "version": "0.9.0",
      "zig_version": "0.13.0",
      "root_file": "/src/zap.zig",
      "url": "https://github.com/zigzap/zap/archive/refs/tags/v0.9.0.zip",
      "sha256sum": "85faa43ec7b03ffd70514c3270fb42c050c39c6528a7435286d271597c40e691"
    },
    {
      "version": "0.8.0",
      "zig_version": "0.13.0",
      "root_file": "/src/zap.zig",
      "url": "https://github.com/zigzap/zap/archive/refs/tags/v0.8.0.zip",
      "sha256sum": "fba2f7719d01946c400f806362457f45bc5ce16d7840fa4fad64d1c2f63e2b81"
    },
    {
      "version": "0.7.0",
      "zig_version": "0.12.0",
      "root_file": "/src/zap.zig",
      "url": "https://github.com/zigzap/zap/archive/refs/tags/v0.7.0.zip",
      "sha256sum": "a13201601cbdad88c1748102806681f52ecc1fa190eac50ad497325d8f31e9cc"
    },
    {
      "version": "0.6.0",
      "zig_version": "0.11.0",
      "root_file": "/src/zap.zig",
      "url": "https://github.com/zigzap/zap/archive/refs/tags/v0.6.0.zip",
      "sha256sum": "c2a960e34ad17f6ca82a800da3055b7a33a0d8e821c4087dc32730bec06959ef"
    },
    {
      "version": "0.5.1",
      "zig_version": "0.11.0",
      "root_file": "/src/zap.zig",
      "url": "https://github.com/zigzap/zap/archive/refs/tags/v0.5.1.zip",
      "sha256sum": "a8762a51080c507b945fe379ac1f75e0d388f40e4d9e403031dff0e5a0d21eaa"
    },
    {
      "version": "0.5.0",
      "zig_version": "0.11.0",
      "root_file": "/src/zap.zig",
      "url": "https://github.com/zigzap/zap/archive/refs/tags/v0.5.0.zip",
      "sha256sum": "7cd138a3b287a9ca4baf242185f41247adbccb1e97783fa66b53eab160343187"
    },
    {
      "version": "0.4.0",
      "zig_version": "0.11.0",
      "root_file": "/src/zap.zig",
      "url": "https://github.com/zigzap/zap/archive/refs/tags/v0.4.0.zip",
      "sha256sum": "163adfbadedc144edd4e5691be05292d81ba26a9b00e1c8537a6eba8b6919b4b"
    },
    {
      "version": "0.3.0",
      "zig_version": "0.11.0",
      "root_file": "/src/zap.zig",
      "url": "https://github.com/zigzap/zap/archive/refs/tags/v0.3.0.zip",
      "sha256sum": "93235b2106934a777189b37ee16d8552697a9490f7df000d18e4bdaf722fb04d"
    },
    {
      "version": "0.2.6",
      "zig_version": "0.11.0",
      "root_file": "/src/zap.zig",
      "url": "https://github.com/zigzap/zap/archive/refs/tags/v0.2.6.zip",
      "sha256sum": "a4269926dccc2971bc79165310c3d52508449e99e3318927255dc57d18e83f7a"
    },
    {
      "version": "0.2.5",
      "zig_version": "0.11.0",
      "root_file": "/src/zap.zig",
      "url": "https://github.com/zigzap/zap/archive/refs/tags/v0.2.5.zip",
      "sha256sum": "d1a34b4688853cf77c6698f7ee2c3fbae99da5f60ce0fd63f27081c5850f06f1"
    },
    {
      "version": "0.2.4",
      "zig_version": "0.11.0",
      "root_file": "/src/zap.zig",
      "url": "https://github.com/zigzap/zap/archive/refs/tags/v0.2.4.zip",
      "sha256sum": "bbf528d01dd7d6c0c84dbd08a1b5817ba3038caad9f8028a1f30a91c49b5d517"
    },
    {
      "version": "0.2.3",
      "zig_version": "0.11.0",
      "root_file": "/src/zap.zig",
      "url": "https://github.com/zigzap/zap/archive/refs/tags/v0.2.3.zip",
      "sha256sum": "5afeb30a83e23fb91663cd0366759311c65c25ebab83dc077fb1ef77d1d5b38f"
    },
    {
      "version": "0.2.2",
      "zig_version": "0.11.0",
      "root_file": "/src/zap.zig",
      "url": "https://github.com/zigzap/zap/archive/refs/tags/v0.2.2.zip",
      "sha256sum": "a444a31292fc4db8cdd6717ffeb10bb22187ef4177ba8ef474a762cbb857794d"
    },
    {
      "version": "0.2.1",
      "zig_version": "0.11.0",
      "root_file": "/src/zap.zig",
      "url": "https://github.com/zigzap/zap/archive/refs/tags/v0.2.1.zip",
      "sha256sum": "72dbd91dc153edc6881bee162e360d64b0e30cfee39d5499b16e2aff5db654ad"
    },
    {
      "version": "0.2.0",
      "zig_version": "0.11.0",
      "root_file": "/src/zap.zig",
      "url": "https://github.com/zigzap/zap/archive/refs/tags/v0.2.0.zip",
      "sha256sum": "605862f739b0507dd6e68b2dc2149b0039c8f72d050c8fa792d7a17cd257bc4d"
    },
    {
      "version": "0.1.14-pre",
      "zig_version": "0.11.0",
      "root_file": "/src/zap.zig",
      "url": "https://github.com/zigzap/zap/archive/refs/tags/v0.1.14-pre.zip",
      "sha256sum": "baf479b589eda594eeb31a1a895b3d786a4c86df0be4d8da7c32444ef1a3b5df"
    },
    {
      "version": "0.1.13-pre",
      "zig_version": "0.11.0",
      "root_file": "/src/zap.zig",
      "url": "https://github.com/zigzap/zap/archive/refs/tags/v0.1.13-pre.zip",
      "sha256sum": "83c146e827f36ee2750d2c21daab955a5f3d12b6d16ac6e745d3e9d86b564256"
    },
    {
      "version": "0.1.12-pre",
      "zig_version": "0.11.0",
      "root_file": "/src/zap.zig",
      "url": "https://github.com/zigzap/zap/archive/refs/tags/v0.1.12-pre.zip",
      "sha256sum": "3e059b339267260573f4fb70205f7e793aa89baeffdd1f0edcadbe98cc96fba0"
    },
    {
      "version": "0.1.11-pre",
      "zig_version": "0.11.0",
      "root_file": "/src/zap.zig",
      "url": "https://github.com/zigzap/zap/archive/refs/tags/v0.1.11-pre.zip",
      "sha256sum": "c878ce9c1aacdfd48ee8026b02262f19882d801b81ff7754931012ff65a41de4"
    }
  ]
}
