{
  "name": "bchan",
  "author": "boonzy00",
  "docs": "",
  "versions": [
    {
      "version": "0.1.1",
      "url": "https://github.com/boonzy00/bchan/archive/refs/tags/v0.1.1.zip",
      "rootFile": "/src/lib.zig",
      "zigVersion": "0.15.1",
      "sha256sum": "235221df62eb95b087401263d1a5771f41818fb31f4b97250b9188981833a2e2"
    },
    {
      "version": "0.1.0",
      "url": "https://github.com/boonzy00/bchan/archive/refs/tags/v0.1.0.zip",
      "rootFile": "/src/lib.zig",
      "zigVersion": "0.15.1",
      "sha256sum": "9f96ecd952578d1cc2d1dccf108ab3fd4efee96ee3d1db130a5628f57bb22107"
    }
  ]
}