{
  "name": "clap",
  "author": "Hejsil",
  "docs": "",
  "versions": [
    {
      "version": "0.11.0",
      "url": "https://github.com/Hejsil/zig-clap/archive/refs/tags/0.11.0.zip",
      "rootFile": "/clap.zig",
      "zigVersion": "0.15.1",
      "sha256sum": "5add36c27cca8ce2fe8c7da8d42d58f842216fc4d3043b2a570b141bc4c99a54"
    },
    {
      "version": "0.10.0",
      "url": "https://github.com/Hejsil/zig-clap/archive/refs/tags/0.10.0.zip",
      "rootFile": "/clap.zig",
      "zigVersion": "0.14.0",
      "sha256sum": "1d56c59d3b1e6f23afc3002893a1d139afe8d61fe5df5d5d694d43e0f4c0384d"
    },
    {
      "version": "0.9.1",
      "url": "https://github.com/Hejsil/zig-clap/archive/refs/tags/0.9.1.zip",
      "rootFile": "/clap.zig",
      "zigVersion": "0.13.0&0.12.0",
      "sha256sum": "3618d7f41024a4fd854ddc2479572cf76112d4eda9d09384568eed6791caaceb"
    },
    {
      "version": "0.9.0",
      "url": "https://github.com/Hejsil/zig-clap/archive/refs/tags/0.9.0.zip",
      "rootFile": "/src/clap.zig",
      "zigVersion": "0.13.0",
      "sha256sum": "0b8fd7ec01981e805cc9afc86f65f951a8007dcad7cfb23dbcde73cb888caef2"
    },
    {
      "version": "0.8.0",
      "url": "https://github.com/Hejsil/zig-clap/archive/refs/tags/0.8.0.zip",
      "rootFile": "/src/clap.zig",
      "zigVersion": "0.12.0",
      "sha256sum": "1c5cc5ebe59880df07c3ac5d2b1a3a81d9a54e60007a06279da37c835a529e5e"
    },
    {
      "version": "0.7.0",
      "url": "https://github.com/Hejsil/zig-clap/archive/refs/tags/0.7.0.zip",
      "rootFile": "/src/clap.zig",
      "zigVersion": "0.11.0",
      "sha256sum": "79de84f39b8135994606014fd7a7c66bf287526907471296e9cd5194dbac74f8"
    },
    {
      "version": "0.6.0",
      "url": "https://github.com/Hejsil/zig-clap/archive/refs/tags/0.6.0.zip",
      "rootFile": "/src/clap.zig",
      "zigVersion": "0.10.0",
      "sha256sum": "a4572996663193aa2a7fd3c42a184e57e959279243a61c7f314621862c63a65d"
    },
    {
      "version": "0.5.0",
      "url": "https://github.com/Hejsil/zig-clap/archive/refs/tags/0.5.0.zip",
      "rootFile": "/src/clap.zig",
      "zigVersion": "0.9.0",
      "sha256sum": "67f42f1115a0c299617267fdb6ad922314af4265e4ec198646753751e4ec1834"
    },
    {
      "version": "0.4.1",
      "url": "https://github.com/Hejsil/zig-clap/archive/refs/tags/0.4.1.zip",
      "rootFile": "/src/clap.zig",
      "zigVersion": "0.8.0",
      "sha256sum": "21f722db2077d9ac4d74147a501e9681fb31c62ef26345ad742f58bc708f15c8"
    },
    {
      "version": "0.4.0",
      "url": "https://github.com/Hejsil/zig-clap/archive/refs/tags/v0.4.0.zip",
      "rootFile": "/src/clap.zig",
      "zigVersion": "0.8.0",
      "sha256sum": "6fa828f903d1b22bbc38a1bd082f27cf29cdb446974f1aab1e6ae1ea69bf620e"
    },
    {
      "version": "0.3.0",
      "url": "https://github.com/Hejsil/zig-clap/archive/refs/tags/v0.3.0.zip",
      "rootFile": "/src/clap.zig",
      "zigVersion": "0.7.0",
      "sha256sum": "00b85b124acdee386519543561e49a5fa71a68aa79733387a9bdc5025d07f57a"
    },
    {
      "version": "0.2.0",
      "url": "https://github.com/Hejsil/zig-clap/archive/refs/tags/v0.2.0.zip",
      "rootFile": "/src/clap.zig",
      "zigVersion": "0.6.0",
      "sha256sum": "20e9769869fba97b26618e5cc393c757336b5b81460ca4dfd8383e82252daf9c"
    },
    {
      "version": "0.1.0",
      "url": "https://github.com/Hejsil/zig-clap/archive/refs/tags/v0.1.0.zip",
      "rootFile": "/src/clap.zig",
      "zigVersion": "0.3.0",
      "sha256sum": "65936a49a9f146fdc708266539adefe1a29aa75a0919c7792205c14d31f350b7"
    }
  ]
}