{
  "name": "zeit",
  "author": "rockorager",
  "docs": "",
  "versions": [
    {
      "version": "0.7.0",
      "url": "https://github.com/rockorager/zeit/archive/refs/tags/v0.7.0.zip",
      "rootFile": "/src/zeit.zig",
      "zigVersion": "0.15.1",
      "sha256sum": "e933d2730ef3504f7b830707c10c6a6df10544d26425db828e991a4ff84ebdbc"
    },
    {
      "version": "0.6.0",
      "url": "https://github.com/rockorager/zeit/archive/refs/tags/v0.6.0.zip",
      "rootFile": "/src/zeit.zig",
      "zigVersion": "0.14.0",
      "sha256sum": "97ed528d786fd47b68692a6656b230ea6cc7175e3a2f0a4a5a1fd687be8bc0c4"
    },
    {
      "version": "0.5.0",
      "url": "https://github.com/rockorager/zeit/archive/refs/tags/v0.5.0.zip",
      "rootFile": "/src/zeit.zig",
      "zigVersion": "0.13.0",
      "sha256sum": "6480a7cab58f0d7c92d3f620426a478e300abc2610dac701fb77210ac3ee588b"
    },
    {
      "version": "0.4.4",
      "url": "https://github.com/rockorager/zeit/archive/refs/tags/v0.4.4.zip",
      "rootFile": "/src/zeit.zig",
      "zigVersion": "0.13.0",
      "sha256sum": "24a2c170a64fa83329f2ac2490248b6d071f61dcd1e5e5ea3c398f7ca5d4c0a6"
    },
    {
      "version": "0.4.3",
      "url": "https://github.com/rockorager/zeit/archive/refs/tags/v0.4.3.zip",
      "rootFile": "/src/zeit.zig",
      "zigVersion": "0.13.0",
      "sha256sum": "5c36053dfe9929eb7680e419aaa71c1e1543632aaafd46744cb1ae0ef3adc7dd"
    },
    {
      "version": "0.4.2",
      "url": "https://github.com/rockorager/zeit/archive/refs/tags/v0.4.2.zip",
      "rootFile": "/src/zeit.zig",
      "zigVersion": "0.13.0",
      "sha256sum": "95475d2c657e214eda6fb4e650130099f82166e518424aebddb2f25b38a3adab"
    },
    {
      "version": "0.4.1",
      "url": "https://github.com/rockorager/zeit/archive/refs/tags/v0.4.1.zip",
      "rootFile": "/src/zeit.zig",
      "zigVersion": "0.13.0",
      "sha256sum": "f00fc9615f2ee1ec5b2046d918c0fc00f1e0927ee0b23f18cb3b3f9597e1301e"
    },
    {
      "version": "0.4.0",
      "url": "https://github.com/rockorager/zeit/archive/refs/tags/v0.4.0.zip",
      "rootFile": "/src/zeit.zig",
      "zigVersion": "0.13.0",
      "sha256sum": "7efd7fb54f9cb077d7b6994dbcda10f2078fda33202830fb84a8af6f2c583d53"
    },
    {
      "version": "0.3.0",
      "url": "https://github.com/rockorager/zeit/archive/refs/tags/v0.3.0.zip",
      "rootFile": "/src/zeit.zig",
      "zigVersion": "0.13.0",
      "sha256sum": "f499f2b64e694da4758604f938424f2dc5a70262d2b0a37195f9ea63ac5326b4"
    },
    {
      "version": "0.2.0",
      "url": "https://github.com/rockorager/zeit/archive/refs/tags/v0.2.0.zip",
      "rootFile": "/src/zeit.zig",
      "zigVersion": "0.13.0",
      "sha256sum": "83ce918ce9b17c5d1ca63d8920663409501beb3c45691103748f6a3f9181dedb"
    },
    {
      "version": "0.1.0",
      "url": "https://github.com/rockorager/zeit/archive/refs/tags/v0.1.0.zip",
      "rootFile": "/src/zeit.zig",
      "zigVersion": "0.13.0",
      "sha256sum": "63b5cc7170419f23a2be5c4d856d7e5edbe4dc3ba68673a3d714a4be3c522427"
    }
  ]
}