{
  "name": "zigglgen",
  "author": "castholm",
  "docs": "",
  "versions": [
    {
      "version": "0.2.3",
      "url": "https://github.com/castholm/zigglgen/archive/refs/tags/v0.2.3.zip",
      "rootFile": "/zigglgen.zig",
      "zigVersion": "0.12.0",
      "sha256sum": "9048051e9a4c3ecd5da597fca4772c82e7b3a8213aa93c3b63db4b7019f3443a"
    },
    {
      "version": "0.2.2",
      "url": "https://github.com/castholm/zigglgen/archive/refs/tags/v0.2.2.zip",
      "rootFile": "/zigglgen.zig",
      "zigVersion": "0.12.0",
      "sha256sum": "67f9a91116d05d48db135e6ed55cf4886a798745e028e0a7b6e0f14ba6eb582a"
    },
    {
      "version": "0.2.1",
      "url": "https://github.com/castholm/zigglgen/archive/refs/tags/v0.2.1.zip",
      "rootFile": "/zigglgen.zig",
      "zigVersion": "0.11.0",
      "sha256sum": "eff1680f91ddc04772dec722c49a9315f42d77a8e539ce05ab2c4207d3c0d982"
    },
    {
      "version": "0.2.0",
      "url": "https://github.com/castholm/zigglgen/archive/refs/tags/v0.2.0.zip",
      "rootFile": "/zigglgen.zig",
      "zigVersion": "0.11.0",
      "sha256sum": "4e2733e925db3301ef40762a83ad2307c8c5fedf1fcbd9bc424fc5633fc1a124"
    },
    {
      "version": "0.1.0",
      "url": "https://github.com/castholm/zigglgen/archive/refs/tags/v0.1.0.zip",
      "rootFile": "/zigglgen.zig",
      "zigVersion": "0.11.0",
      "sha256sum": "95df8145a51fe312d749fec9fe076043694bc080a7cfa2a603f785ebe25f75f0"
    }
  ]
}