{
  "name": "zigimg",
  "author": "zigimg",
  "docs": "",
  "versions": [
    {
      "version": "0.3",
      "url": "https://github.com/zigimg/zigimg/archive/refs/tags/zigimg_zig_0.15.1.zip",
      "rootFile": "/zigimg.zig",
      "zigVersion": "0.15.1",
      "sha256sum": "1ea4b827471f893c589e57c3dc82b2355b5563ab8c810099eb0571aabbc4679b"
    },
    {
      "version": "0.2",
      "url": "https://github.com/zigimg/zigimg/archive/refs/tags/zigimg_zig_0.14.1.zip",
      "rootFile": "/zigimg.zig",
      "zigVersion": "0.14.1",
      "sha256sum": "6d3fd611a1131d49eb1603f82d011f7d7078c28c89aef38ca1d69d914ea52fda"
    },
    {
      "version": "0.1",
      "url": "https://github.com/zigimg/zigimg/archive/refs/tags/mach-2024.11.0_zigimg_01.zip",
      "rootFile": "/zigimg.zig",
      "zigVersion": "0.11.0",
      "sha256sum": "bcbc21cb9c6a7f08e371c11f719f87db2dda78b65ad2537481d3231e75b1e79e"
    }
  ]
}